state_and_capital,geo_zone,date,average_price
Abia,South East,2019-01-01,144.652173913043
Abia,South East,2019-02-01,145.92857142857142
Abia,South East,2019-03-01,146.12
Abia,South East,2019-04-01,146.28571428571428
Abia,South East,2019-05-01,145.642857142857
Abia,South East,2019-06-01,145.666666666667
Abia,South East,2019-07-01,145.235294117647
Abia,South East,2019-08-01,146.71
Abia,South East,2019-09-01,146.733333333333
Abia,South East,2019-10-01,147.0909090909091
Abia,South East,2019-11-01,150.6875
Abia,South East,2019-12-01,147.33333333333334
Abia,South East,2020-01-01,146.13
Abia,South East,2020-02-01,146.866666666667
Abia,South East,2020-03-01,145.909090909091
Abia,South East,2020-04-01,128.125
Abia,South East,2020-05-01,126.33333333333333
Abia,South East,2020-06-01,124.6
Abia,South East,2020-07-01,144.92857142857142
Abia,South East,2020-08-01,152
Abia,South East,2020-09-01,163.30769230769232
Abia,South East,2020-10-01,162
Abia,South East,2020-11-01,178.7
Abia,South East,2020-12-01,176.1875
Abia,South East,2021-01-01,173.75
Abia,South East,2021-02-01,180
Abia,South East,2021-03-01,183.142857142857
Abia,South East,2021-04-01,175.91666666666666
Abia,South East,2021-05-01,171.84615384615384
Abia,South East,2021-06-01,171.875
Abia,South East,2021-07-01,167.04347826086956
Abia,South East,2021-08-01,173.14285714285714
Abia,South East,2021-09-01,172.5
Abia,South East,2021-10-01,170.25
Abia,South East,2021-11-01,178.16666666666666
Abia,South East,2021-12-01,166.33333333333334
Abia,South East,2022-01-01,177.33333333333334
Abia,South East,2022-02-01,178.23076923076923
Abia,South East,2022-03-01,210.307692307692
Abia,South East,2022-04-01,195.27
Abia,South East,2022-05-01,193.2
Abia,South East,2022-06-01,179.66666666666666
Abia,South East,2022-07-01,185.733333333333
Abia,South East,2022-08-01,185
Abia,South East,2022-09-01,187.33
Abia,South East,2022-10-01,186.5625
Abia,South East,2022-11-01,195.22
Abia,South East,2022-12-01,203.636363636364
Abia,South East,2023-01-01,300.692307692308
Abia,South East,2023-02-01,288.57142857142856
Abia,South East,2023-03-01,300.538461538462
Abia,South East,2023-04-01,284.285714285714
Abia,South East,2023-05-01,236.25
Abia,South East,2023-06-01,552.727272727273
Abuja,North Central,2019-01-01,144.2
Abuja,North Central,2019-02-01,144.5
Abuja,North Central,2019-03-01,144
Abuja,North Central,2019-04-01,144.66666666666666
Abuja,North Central,2019-05-01,144
Abuja,North Central,2019-06-01,144.2
Abuja,North Central,2019-07-01,143
Abuja,North Central,2019-08-01,145.33
Abuja,North Central,2019-09-01,143.166666666667
Abuja,North Central,2019-10-01,143.5
Abuja,North Central,2019-11-01,144.2
Abuja,North Central,2019-12-01,143.66666666666666
Abuja,North Central,2020-01-01,144.2
Abuja,North Central,2020-02-01,143.66666666666666
Abuja,North Central,2020-03-01,145
Abuja,North Central,2020-04-01,125
Abuja,North Central,2020-05-01,123.5
Abuja,North Central,2020-06-01,126.6
Abuja,North Central,2020-07-01,144.2
Abuja,North Central,2020-08-01,147.2
Abuja,North Central,2020-09-01,160.25
Abuja,North Central,2020-10-01,159.8
Abuja,North Central,2020-11-01,166.8
Abuja,North Central,2020-12-01,163.5
Abuja,North Central,2021-01-01,163
Abuja,North Central,2021-02-01,163.5
Abuja,North Central,2021-03-01,165.8
Abuja,North Central,2021-04-01,162
Abuja,North Central,2021-05-01,165
Abuja,North Central,2021-06-01,162
Abuja,North Central,2021-07-01,163.8
Abuja,North Central,2021-08-01,163.8
Abuja,North Central,2021-09-01,164.5
Abuja,North Central,2021-10-01,162.8
Abuja,North Central,2021-11-01,163.75
Abuja,North Central,2021-12-01,164.6
Abuja,North Central,2022-01-01,164.6
Abuja,North Central,2022-02-01,167.5
Abuja,North Central,2022-03-01,169
Abuja,North Central,2022-04-01,165.42
Abuja,North Central,2022-05-01,172.6
Abuja,North Central,2022-06-01,170
Abuja,North Central,2022-07-01,185.5
Abuja,North Central,2022-08-01,188
Abuja,North Central,2022-09-01,188.44
Abuja,North Central,2022-10-01,189
Abuja,North Central,2022-11-01,193.5
Abuja,North Central,2022-12-01,196
Abuja,North Central,2023-01-01,229
Abuja,North Central,2023-02-01,200
Abuja,North Central,2023-03-01,222.9090909090909
Abuja,North Central,2023-04-01,220.45
Abuja,North Central,2023-05-01,195
Abuja,North Central,2023-06-01,539.142857142857
Adamawa,North East,2019-01-01,145
Adamawa,North East,2019-02-01,143.777777777778
Adamawa,North East,2019-03-01,145.142857142857
Adamawa,North East,2019-04-01,146.6
Adamawa,North East,2019-05-01,145.444444444444
Adamawa,North East,2019-06-01,145.8
Adamawa,North East,2019-07-01,143.25
Adamawa,North East,2019-08-01,146.37
Adamawa,North East,2019-09-01,145
Adamawa,North East,2019-10-01,144.7
Adamawa,North East,2019-11-01,149.84615384615384
Adamawa,North East,2019-12-01,145.941176470588
Adamawa,North East,2020-01-01,146.8
Adamawa,North East,2020-02-01,146.666666666667
Adamawa,North East,2020-03-01,146
Adamawa,North East,2020-04-01,133.75
Adamawa,North East,2020-05-01,130.666666666667
Adamawa,North East,2020-06-01,138
Adamawa,North East,2020-07-01,145
Adamawa,North East,2020-08-01,146.88888888888889
Adamawa,North East,2020-09-01,161.125
Adamawa,North East,2020-10-01,161
Adamawa,North East,2020-11-01,166.166666666667
Adamawa,North East,2020-12-01,163.14285714285714
Adamawa,North East,2021-01-01,166.25
Adamawa,North East,2021-02-01,165
Adamawa,North East,2021-03-01,162.16666666666666
Adamawa,North East,2021-04-01,159.4
Adamawa,North East,2021-05-01,163.5
Adamawa,North East,2021-06-01,161.625
Adamawa,North East,2021-07-01,173.666666666667
Adamawa,North East,2021-08-01,162.66666666666666
Adamawa,North East,2021-09-01,166.4
Adamawa,North East,2021-10-01,167.08
Adamawa,North East,2021-11-01,160.85714285714286
Adamawa,North East,2021-12-01,164.44444444444446
Adamawa,North East,2022-01-01,159.88888888888889
Adamawa,North East,2022-02-01,169
Adamawa,North East,2022-03-01,176.625
Adamawa,North East,2022-04-01,165.29
Adamawa,North East,2022-05-01,166.4
Adamawa,North East,2022-06-01,190.666666666667
Adamawa,North East,2022-07-01,207.57142857142858
Adamawa,North East,2022-08-01,179
Adamawa,North East,2022-09-01,189.17
Adamawa,North East,2022-10-01,200.333333333333
Adamawa,North East,2022-11-01,205.4
Adamawa,North East,2022-12-01,210.5
Adamawa,North East,2023-01-01,260.5
Adamawa,North East,2023-02-01,300.666666666667
Adamawa,North East,2023-03-01,305.333333333333
Adamawa,North East,2023-04-01,291.25
Adamawa,North East,2023-05-01,238.888888888889
Adamawa,North East,2023-06-01,551.25
Akwa Ibom,South South,2019-01-01,145
Akwa Ibom,South South,2019-02-01,144.77777777777777
Akwa Ibom,South South,2019-03-01,145
Akwa Ibom,South South,2019-04-01,145.9090909090909
Akwa Ibom,South South,2019-05-01,145.5
Akwa Ibom,South South,2019-06-01,145
Akwa Ibom,South South,2019-07-01,145.41666666666666
Akwa Ibom,South South,2019-08-01,145
Akwa Ibom,South South,2019-09-01,145
Akwa Ibom,South South,2019-10-01,144.8181818181818
Akwa Ibom,South South,2019-11-01,143.833333333333
Akwa Ibom,South South,2019-12-01,144.8181818181818
Akwa Ibom,South South,2020-01-01,145
Akwa Ibom,South South,2020-02-01,145.76923076923077
Akwa Ibom,South South,2020-03-01,145
Akwa Ibom,South South,2020-04-01,127
Akwa Ibom,South South,2020-05-01,125.666666666667
Akwa Ibom,South South,2020-06-01,125.6
Akwa Ibom,South South,2020-07-01,144
Akwa Ibom,South South,2020-08-01,149.0909090909091
Akwa Ibom,South South,2020-09-01,162.66666666666666
Akwa Ibom,South South,2020-10-01,162.0909090909
Akwa Ibom,South South,2020-11-01,166.5
Akwa Ibom,South South,2020-12-01,166.62
Akwa Ibom,South South,2021-01-01,162.9090909090909
Akwa Ibom,South South,2021-02-01,167.11111111111111
Akwa Ibom,South South,2021-03-01,172.5
Akwa Ibom,South South,2021-04-01,169.3
Akwa Ibom,South South,2021-05-01,165
Akwa Ibom,South South,2021-06-01,165.54545454545453
Akwa Ibom,South South,2021-07-01,164.72727272727272
Akwa Ibom,South South,2021-08-01,165.83333333333334
Akwa Ibom,South South,2021-09-01,165.083333333333
Akwa Ibom,South South,2021-10-01,164.75
Akwa Ibom,South South,2021-11-01,167.5
Akwa Ibom,South South,2021-12-01,167.8
Akwa Ibom,South South,2022-01-01,168.36363636363637
Akwa Ibom,South South,2022-02-01,168.36363636363637
Akwa Ibom,South South,2022-03-01,197.30769230769232
Akwa Ibom,South South,2022-04-01,194.53
Akwa Ibom,South South,2022-05-01,180.75
Akwa Ibom,South South,2022-06-01,176
Akwa Ibom,South South,2022-07-01,186.25
Akwa Ibom,South South,2022-08-01,185
Akwa Ibom,South South,2022-09-01,187.78
Akwa Ibom,South South,2022-10-01,188.454545454545
Akwa Ibom,South South,2022-11-01,189.33
Akwa Ibom,South South,2022-12-01,200.25
Akwa Ibom,South South,2023-01-01,319
Akwa Ibom,South South,2023-02-01,255.5
Akwa Ibom,South South,2023-03-01,305.555555555556
Akwa Ibom,South South,2023-04-01,295.875
Akwa Ibom,South South,2023-05-01,239
Akwa Ibom,South South,2023-06-01,541
Anambra,South East,2019-01-01,144.9
Anambra,South East,2019-02-01,144.86666666666667
Anambra,South East,2019-03-01,144.57142857142858
Anambra,South East,2019-04-01,146.9047619047619
Anambra,South East,2019-05-01,145.615384615385
Anambra,South East,2019-06-01,145.35
Anambra,South East,2019-07-01,146.153846153846
Anambra,South East,2019-08-01,145.41
Anambra,South East,2019-09-01,146.538461538462
Anambra,South East,2019-10-01,146.15384615384616
Anambra,South East,2019-11-01,145
Anambra,South East,2019-12-01,144.85714285714286
Anambra,South East,2020-01-01,144.87
Anambra,South East,2020-02-01,144.78571428571428
Anambra,South East,2020-03-01,145
Anambra,South East,2020-04-01,126.78571428571429
Anambra,South East,2020-05-01,124.84615384615384
Anambra,South East,2020-06-01,125
Anambra,South East,2020-07-01,144.17142857142855
Anambra,South East,2020-08-01,148.92857142857142
Anambra,South East,2020-09-01,162.6153846153846
Anambra,South East,2020-10-01,163
Anambra,South East,2020-11-01,169.76923076923077
Anambra,South East,2020-12-01,164.33333333333334
Anambra,South East,2021-01-01,165.28571428571428
Anambra,South East,2021-02-01,166.8
Anambra,South East,2021-03-01,175.857142857143
Anambra,South East,2021-04-01,169.75
Anambra,South East,2021-05-01,168.27272727272728
Anambra,South East,2021-06-01,168
Anambra,South East,2021-07-01,167.66666666666666
Anambra,South East,2021-08-01,166
Anambra,South East,2021-09-01,162.692307692308
Anambra,South East,2021-10-01,165
Anambra,South East,2021-11-01,170.846153846154
Anambra,South East,2021-12-01,166.36363636363637
Anambra,South East,2022-01-01,169.33333333333334
Anambra,South East,2022-02-01,184.0909090909091
Anambra,South East,2022-03-01,204.666666666667
Anambra,South East,2022-04-01,170.33
Anambra,South East,2022-05-01,181.33333333333334
Anambra,South East,2022-06-01,177.14285714285714
Anambra,South East,2022-07-01,185.66666666666666
Anambra,South East,2022-08-01,194.52380952380952
Anambra,South East,2022-09-01,191.67
Anambra,South East,2022-10-01,192.6
Anambra,South East,2022-11-01,206.11
Anambra,South East,2022-12-01,204.666666666667
Anambra,South East,2023-01-01,306.94444444444446
Anambra,South East,2023-02-01,310.8333333333333
Anambra,South East,2023-03-01,286.1111111111111
Anambra,South East,2023-04-01,271.818181818182
Anambra,South East,2023-05-01,224.28571428571428
Anambra,South East,2023-06-01,534.444444444444
Bauchi,North East,2019-01-01,145.25
Bauchi,North East,2019-02-01,144.5
Bauchi,North East,2019-03-01,143.88888888888889
Bauchi,North East,2019-04-01,145.666666666667
Bauchi,North East,2019-05-01,144.5
Bauchi,North East,2019-06-01,145.5
Bauchi,North East,2019-07-01,143.9
Bauchi,North East,2019-08-01,145
Bauchi,North East,2019-09-01,144
Bauchi,North East,2019-10-01,144
Bauchi,North East,2019-11-01,148.21428571428572
Bauchi,North East,2019-12-01,144.47619047619
Bauchi,North East,2020-01-01,146.56
Bauchi,North East,2020-02-01,145.71428571428572
Bauchi,North East,2020-03-01,145.28571428571428
Bauchi,North East,2020-04-01,139.125
Bauchi,North East,2020-05-01,136.1
Bauchi,North East,2020-06-01,130.181818181818
Bauchi,North East,2020-07-01,143.083333333333
Bauchi,North East,2020-08-01,148.66666666666666
Bauchi,North East,2020-09-01,161.14285714285714
Bauchi,North East,2020-10-01,160.375
Bauchi,North East,2020-11-01,161.77777777777777
Bauchi,North East,2020-12-01,162.57142857142858
Bauchi,North East,2021-01-01,163.375
Bauchi,North East,2021-02-01,163.5
Bauchi,North East,2021-03-01,164
Bauchi,North East,2021-04-01,163.22222222222223
Bauchi,North East,2021-05-01,163.75
Bauchi,North East,2021-06-01,166
Bauchi,North East,2021-07-01,164.9
Bauchi,North East,2021-08-01,165.625
Bauchi,North East,2021-09-01,162.909090909091
Bauchi,North East,2021-10-01,164.14285714285714
Bauchi,North East,2021-11-01,165.8
Bauchi,North East,2021-12-01,166.66666666666666
Bauchi,North East,2022-01-01,166
Bauchi,North East,2022-02-01,170.714285714286
Bauchi,North East,2022-03-01,182.125
Bauchi,North East,2022-04-01,166.27
Bauchi,North East,2022-05-01,165.71428571428572
Bauchi,North East,2022-06-01,180.333333333333
Bauchi,North East,2022-07-01,200.888888888889
Bauchi,North East,2022-08-01,178.5
Bauchi,North East,2022-09-01,185.89
Bauchi,North East,2022-10-01,193.888888888889
Bauchi,North East,2022-11-01,195.14
Bauchi,North East,2022-12-01,205.555555555556
Bauchi,North East,2023-01-01,245.4
Bauchi,North East,2023-02-01,250
Bauchi,North East,2023-03-01,273
Bauchi,North East,2023-04-01,256.25
Bauchi,North East,2023-05-01,205.55555555555554
Bauchi,North East,2023-06-01,547.777777777778
Bayelsa,South South,2019-01-01,145.777777777778
Bayelsa,South South,2019-02-01,145.25
Bayelsa,South South,2019-03-01,145.25
Bayelsa,South South,2019-04-01,148.636363636364
Bayelsa,South South,2019-05-01,146
Bayelsa,South South,2019-06-01,146.25
Bayelsa,South South,2019-07-01,145.55
Bayelsa,South South,2019-08-01,146.78
Bayelsa,South South,2019-09-01,146.75
Bayelsa,South South,2019-10-01,146.692307692308
Bayelsa,South South,2019-11-01,146.454545454545
Bayelsa,South South,2019-12-01,146.9090909090909
Bayelsa,South South,2020-01-01,146.91
Bayelsa,South South,2020-02-01,145.42857142857142
Bayelsa,South South,2020-03-01,145.36363636363637
Bayelsa,South South,2020-04-01,125.38461538461539
Bayelsa,South South,2020-05-01,125
Bayelsa,South South,2020-06-01,125
Bayelsa,South South,2020-07-01,143.25
Bayelsa,South South,2020-08-01,149
Bayelsa,South South,2020-09-01,161.46153846153845
Bayelsa,South South,2020-10-01,161
Bayelsa,South South,2020-11-01,169.77777777777777
Bayelsa,South South,2020-12-01,166.06666666666666
Bayelsa,South South,2021-01-01,165.54545454545453
Bayelsa,South South,2021-02-01,168.54545454545453
Bayelsa,South South,2021-03-01,183.42857142857142
Bayelsa,South South,2021-04-01,171.33333333333334
Bayelsa,South South,2021-05-01,175.461538461538
Bayelsa,South South,2021-06-01,165.307692307692
Bayelsa,South South,2021-07-01,166.69230769230768
Bayelsa,South South,2021-08-01,165.33333333333334
Bayelsa,South South,2021-09-01,162.666666666667
Bayelsa,South South,2021-10-01,164.66666666666666
Bayelsa,South South,2021-11-01,167.07142857142858
Bayelsa,South South,2021-12-01,165.46666666666667
Bayelsa,South South,2022-01-01,165.6
Bayelsa,South South,2022-02-01,167.72727272727272
Bayelsa,South South,2022-03-01,203.53333333333333
Bayelsa,South South,2022-04-01,168.5
Bayelsa,South South,2022-05-01,167.08333333333334
Bayelsa,South South,2022-06-01,168.28571428571428
Bayelsa,South South,2022-07-01,180
Bayelsa,South South,2022-08-01,178.88888888888889
Bayelsa,South South,2022-09-01,204.27
Bayelsa,South South,2022-10-01,205
Bayelsa,South South,2022-11-01,200
Bayelsa,South South,2022-12-01,196.142857142857
Bayelsa,South South,2023-01-01,305
Bayelsa,South South,2023-02-01,231.42857142857142
Bayelsa,South South,2023-03-01,296.5
Bayelsa,South South,2023-04-01,282.5
Bayelsa,South South,2023-05-01,250
Bayelsa,South South,2023-06-01,540.5
Benue,North Central,2019-01-01,150.090909090909
Benue,North Central,2019-02-01,146.090909090909
Benue,North Central,2019-03-01,144.75
Benue,North Central,2019-04-01,145.83333333333334
Benue,North Central,2019-05-01,143.6
Benue,North Central,2019-06-01,144
Benue,North Central,2019-07-01,145.166666666667
Benue,North Central,2019-08-01,145.16
Benue,North Central,2019-09-01,147.166666666667
Benue,North Central,2019-10-01,146.75
Benue,North Central,2019-11-01,144.16666666666666
Benue,North Central,2019-12-01,148.5
Benue,North Central,2020-01-01,146.14
Benue,North Central,2020-02-01,146.272727272727
Benue,North Central,2020-03-01,146.222222222222
Benue,North Central,2020-04-01,130.55555555555554
Benue,North Central,2020-05-01,128.357142857143
Benue,North Central,2020-06-01,129.525
Benue,North Central,2020-07-01,143
Benue,North Central,2020-08-01,150.375
Benue,North Central,2020-09-01,161.6475
Benue,North Central,2020-10-01,161.5
Benue,North Central,2020-11-01,167.353333333333
Benue,North Central,2020-12-01,165.22222222222223
Benue,North Central,2021-01-01,162.88888888888889
Benue,North Central,2021-02-01,163.28571428571428
Benue,North Central,2021-03-01,170.42857142857142
Benue,North Central,2021-04-01,166.71428571428572
Benue,North Central,2021-05-01,180.833333333333
Benue,North Central,2021-06-01,183.28571428571428
Benue,North Central,2021-07-01,164.5
Benue,North Central,2021-08-01,163.71428571428572
Benue,North Central,2021-09-01,166.214285714286
Benue,North Central,2021-10-01,169
Benue,North Central,2021-11-01,166.75
Benue,North Central,2021-12-01,165.2
Benue,North Central,2022-01-01,166.43
Benue,North Central,2022-02-01,165.35714285714286
Benue,North Central,2022-03-01,165.5
Benue,North Central,2022-04-01,168.33
Benue,North Central,2022-05-01,165.5
Benue,North Central,2022-06-01,165
Benue,North Central,2022-07-01,185.153846153846
Benue,North Central,2022-08-01,202.5
Benue,North Central,2022-09-01,200
Benue,North Central,2022-10-01,200.133333333333
Benue,North Central,2022-11-01,210.44
Benue,North Central,2022-12-01,209
Benue,North Central,2023-01-01,202.5
Benue,North Central,2023-02-01,200
Benue,North Central,2023-03-01,195
Benue,North Central,2023-04-01,198.125
Benue,North Central,2023-05-01,208.125
Benue,North Central,2023-06-01,540
Borno,North East,2019-01-01,145.625
Borno,North East,2019-02-01,145.888888888889
Borno,North East,2019-03-01,146.272727272727
Borno,North East,2019-04-01,146.818181818182
Borno,North East,2019-05-01,144.363636363636
Borno,North East,2019-06-01,145.181818181818
Borno,North East,2019-07-01,145.818181818182
Borno,North East,2019-08-01,146.5
Borno,North East,2019-09-01,145.095
Borno,North East,2019-10-01,145.555555555556
Borno,North East,2019-11-01,141.5
Borno,North East,2019-12-01,145.352941176471
Borno,North East,2020-01-01,146.5
Borno,North East,2020-02-01,146.25
Borno,North East,2020-03-01,146.5
Borno,North East,2020-04-01,140.5
Borno,North East,2020-05-01,138.1
Borno,North East,2020-06-01,130.666666666667
Borno,North East,2020-07-01,144.33333333333334
Borno,North East,2020-08-01,149.33333333333334
Borno,North East,2020-09-01,162.9090909090909
Borno,North East,2020-10-01,161.9
Borno,North East,2020-11-01,165.272727272727
Borno,North East,2020-12-01,164.818181818182
Borno,North East,2021-01-01,162
Borno,North East,2021-02-01,165.818181818182
Borno,North East,2021-03-01,164.92307692307693
Borno,North East,2021-04-01,152.3
Borno,North East,2021-05-01,162.272727272727
Borno,North East,2021-06-01,160.1
Borno,North East,2021-07-01,169.625
Borno,North East,2021-08-01,161.714285714286
Borno,North East,2021-09-01,164
Borno,North East,2021-10-01,165.181818181818
Borno,North East,2021-11-01,165
Borno,North East,2021-12-01,165.75
Borno,North East,2022-01-01,155.8181818181818
Borno,North East,2022-02-01,170
Borno,North East,2022-03-01,184.1818181818182
Borno,North East,2022-04-01,165.86
Borno,North East,2022-05-01,167.41666666666666
Borno,North East,2022-06-01,190.333333333333
Borno,North East,2022-07-01,185.375
Borno,North East,2022-08-01,179.1818181818182
Borno,North East,2022-09-01,184.5
Borno,North East,2022-10-01,192.3
Borno,North East,2022-11-01,193.18
Borno,North East,2022-12-01,200.875
Borno,North East,2023-01-01,193.9090909090909
Borno,North East,2023-02-01,214.545454545455
Borno,North East,2023-03-01,324.545454545455
Borno,North East,2023-04-01,289.090909090909
Borno,North East,2023-05-01,248.181818181818
Borno,North East,2023-06-01,557.142857142857
Cross River,South South,2019-01-01,144.69230769230768
Cross River,South South,2019-02-01,145.066666666667
Cross River,South South,2019-03-01,146.5
Cross River,South South,2019-04-01,147.411764705882
Cross River,South South,2019-05-01,145.777777777778
Cross River,South South,2019-06-01,146.071428571429
Cross River,South South,2019-07-01,145.923076923077
Cross River,South South,2019-08-01,146.76
Cross River,South South,2019-09-01,147.5
Cross River,South South,2019-10-01,146.9375
Cross River,South South,2019-11-01,150.411764705882
Cross River,South South,2019-12-01,146.06666666666666
Cross River,South South,2020-01-01,146.2
Cross River,South South,2020-02-01,146.5
Cross River,South South,2020-03-01,146.631578947368
Cross River,South South,2020-04-01,131.875
Cross River,South South,2020-05-01,131
Cross River,South South,2020-06-01,125.625
Cross River,South South,2020-07-01,144.571428571429
Cross River,South South,2020-08-01,149.66666666666666
Cross River,South South,2020-09-01,165.875
Cross River,South South,2020-10-01,162.88235294117646
Cross River,South South,2020-11-01,166.75
Cross River,South South,2020-12-01,166.59
Cross River,South South,2021-01-01,164.71428571428572
Cross River,South South,2021-02-01,168.0555555556
Cross River,South South,2021-03-01,173.733333333333
Cross River,South South,2021-04-01,171.5
Cross River,South South,2021-05-01,170
Cross River,South South,2021-06-01,170.5
Cross River,South South,2021-07-01,169.2941176470588
Cross River,South South,2021-08-01,166
Cross River,South South,2021-09-01,165.8571428571
Cross River,South South,2021-10-01,165.33333333333334
Cross River,South South,2021-11-01,170.35
Cross River,South South,2021-12-01,167.1764705882353
Cross River,South South,2022-01-01,172.384615384615
Cross River,South South,2022-02-01,168.875
Cross River,South South,2022-03-01,214.41176470588235
Cross River,South South,2022-04-01,175.09
Cross River,South South,2022-05-01,187.64705882352942
Cross River,South South,2022-06-01,178.88888888888889
Cross River,South South,2022-07-01,193.181818181818
Cross River,South South,2022-08-01,186.5
Cross River,South South,2022-09-01,186.36
Cross River,South South,2022-10-01,190.4
Cross River,South South,2022-11-01,195.12
Cross River,South South,2022-12-01,197.636363636364
Cross River,South South,2023-01-01,261.6666666666667
Cross River,South South,2023-02-01,220
Cross River,South South,2023-03-01,263.3333333333333
Cross River,South South,2023-04-01,267.222222222222
Cross River,South South,2023-05-01,230
Cross River,South South,2023-06-01,549
Delta,South South,2019-01-01,144.84615384615384
Delta,South South,2019-02-01,145.3846153846154
Delta,South South,2019-03-01,145
Delta,South South,2019-04-01,145.27272727272728
Delta,South South,2019-05-01,144.72727272727272
Delta,South South,2019-06-01,145
Delta,South South,2019-07-01,145
Delta,South South,2019-08-01,145.2
Delta,South South,2019-09-01,146.538461538462
Delta,South South,2019-10-01,146.583333333333
Delta,South South,2019-11-01,147.53846153846155
Delta,South South,2019-12-01,144.3846153846154
Delta,South South,2020-01-01,144.64
Delta,South South,2020-02-01,145.242105263158
Delta,South South,2020-03-01,144.5
Delta,South South,2020-04-01,126.92307692307692
Delta,South South,2020-05-01,125.2
Delta,South South,2020-06-01,125
Delta,South South,2020-07-01,144.388888888889
Delta,South South,2020-08-01,147.36153846153846
Delta,South South,2020-09-01,159.45454545454547
Delta,South South,2020-10-01,159.3846153846154
Delta,South South,2020-11-01,167.52666666666667
Delta,South South,2020-12-01,166.35
Delta,South South,2021-01-01,164.775
Delta,South South,2021-02-01,163.5
Delta,South South,2021-03-01,170.1153846153846
Delta,South South,2021-04-01,165.15384615384616
Delta,South South,2021-05-01,165.21428571428572
Delta,South South,2021-06-01,165.96153846153845
Delta,South South,2021-07-01,167.615384615385
Delta,South South,2021-08-01,163.56666666666666
Delta,South South,2021-09-01,163.090909090909
Delta,South South,2021-10-01,163.5
Delta,South South,2021-11-01,165.125
Delta,South South,2021-12-01,163.75
Delta,South South,2022-01-01,166.73333333333332
Delta,South South,2022-02-01,165.42307692307693
Delta,South South,2022-03-01,204.8181818181818
Delta,South South,2022-04-01,170.63
Delta,South South,2022-05-01,169.9090909090909
Delta,South South,2022-06-01,166.58333333333334
Delta,South South,2022-07-01,186.38888888888889
Delta,South South,2022-08-01,178
Delta,South South,2022-09-01,179.74
Delta,South South,2022-10-01,188.055555555556
Delta,South South,2022-11-01,190
Delta,South South,2022-12-01,200
Delta,South South,2023-01-01,268.3333333333333
Delta,South South,2023-02-01,233.57142857142858
Delta,South South,2023-03-01,259.1666666666667
Delta,South South,2023-04-01,241.666666666667
Delta,South South,2023-05-01,225
Delta,South South,2023-06-01,542.75
Ebonyi,South East,2019-01-01,145.30769230769232
Ebonyi,South East,2019-02-01,145.5909090909091
Ebonyi,South East,2019-03-01,145.14285714285714
Ebonyi,South East,2019-04-01,146.142857142857
Ebonyi,South East,2019-05-01,146.25
Ebonyi,South East,2019-06-01,145.16666666666666
Ebonyi,South East,2019-07-01,146.42857142857142
Ebonyi,South East,2019-08-01,146.14
Ebonyi,South East,2019-09-01,145.42857142857142
Ebonyi,South East,2019-10-01,145.42857142857142
Ebonyi,South East,2019-11-01,146.66666666666666
Ebonyi,South East,2019-12-01,145.71428571428572
Ebonyi,South East,2020-01-01,145
Ebonyi,South East,2020-02-01,145.625
Ebonyi,South East,2020-03-01,145.5
Ebonyi,South East,2020-04-01,125
Ebonyi,South East,2020-05-01,128.33333333333334
Ebonyi,South East,2020-06-01,124.5
Ebonyi,South East,2020-07-01,143
Ebonyi,South East,2020-08-01,150.16666666666666
Ebonyi,South East,2020-09-01,162.5
Ebonyi,South East,2020-10-01,161.9
Ebonyi,South East,2020-11-01,168.83333333333334
Ebonyi,South East,2020-12-01,168.55555555555554
Ebonyi,South East,2021-01-01,164.5
Ebonyi,South East,2021-02-01,166.42857142857142
Ebonyi,South East,2021-03-01,184.16666666666666
Ebonyi,South East,2021-04-01,172
Ebonyi,South East,2021-05-01,177.4
Ebonyi,South East,2021-06-01,168.33333333333334
Ebonyi,South East,2021-07-01,165.83333333333334
Ebonyi,South East,2021-08-01,170.125
Ebonyi,South East,2021-09-01,162.272727272727
Ebonyi,South East,2021-10-01,166.66666666666666
Ebonyi,South East,2021-11-01,175
Ebonyi,South East,2021-12-01,170.42857142857142
Ebonyi,South East,2022-01-01,169
Ebonyi,South East,2022-02-01,172
Ebonyi,South East,2022-03-01,215
Ebonyi,South East,2022-04-01,165
Ebonyi,South East,2022-05-01,185.625
Ebonyi,South East,2022-06-01,186.66666666666666
Ebonyi,South East,2022-07-01,185.71428571428572
Ebonyi,South East,2022-08-01,205.5
Ebonyi,South East,2022-09-01,203.11
Ebonyi,South East,2022-10-01,205.5
Ebonyi,South East,2022-11-01,210
Ebonyi,South East,2022-12-01,195.833333333333
Ebonyi,South East,2023-01-01,286.3636363636364
Ebonyi,South East,2023-02-01,317.14285714285717
Ebonyi,South East,2023-03-01,301.6666666666667
Ebonyi,South East,2023-04-01,291.428571428571
Ebonyi,South East,2023-05-01,235
Ebonyi,South East,2023-06-01,535
Edo,South South,2019-01-01,145.25
Edo,South South,2019-02-01,145.33333333333334
Edo,South South,2019-03-01,144.77272727272728
Edo,South South,2019-04-01,145
Edo,South South,2019-05-01,145
Edo,South South,2019-06-01,144.72727272727272
Edo,South South,2019-07-01,145
Edo,South South,2019-08-01,145
Edo,South South,2019-09-01,145
Edo,South South,2019-10-01,144.46153846153845
Edo,South South,2019-11-01,144.84615384615384
Edo,South South,2019-12-01,144.69230769230768
Edo,South South,2020-01-01,144.82
Edo,South South,2020-02-01,145
Edo,South South,2020-03-01,144.8181818181818
Edo,South South,2020-04-01,125
Edo,South South,2020-05-01,128.64285714285714
Edo,South South,2020-06-01,130
Edo,South South,2020-07-01,144
Edo,South South,2020-08-01,148.55272727272725
Edo,South South,2020-09-01,160.79999999999998
Edo,South South,2020-10-01,161.006153846154
Edo,South South,2020-11-01,164.84615384615384
Edo,South South,2020-12-01,167
Edo,South South,2021-01-01,162.7
Edo,South South,2021-02-01,163.53846153846155
Edo,South South,2021-03-01,171.36363636363637
Edo,South South,2021-04-01,168
Edo,South South,2021-05-01,165.35714285714286
Edo,South South,2021-06-01,165.6
Edo,South South,2021-07-01,163.783636363636
Edo,South South,2021-08-01,166
Edo,South South,2021-09-01,167.3
Edo,South South,2021-10-01,166
Edo,South South,2021-11-01,167.92307692307693
Edo,South South,2021-12-01,167.46153846153845
Edo,South South,2022-01-01,166.28571428571428
Edo,South South,2022-02-01,170.91666666666666
Edo,South South,2022-03-01,209.69230769230768
Edo,South South,2022-04-01,169.68
Edo,South South,2022-05-01,176.83333333333334
Edo,South South,2022-06-01,168.75
Edo,South South,2022-07-01,173.5
Edo,South South,2022-08-01,181
Edo,South South,2022-09-01,183.17
Edo,South South,2022-10-01,188.636363636364
Edo,South South,2022-11-01,193
Edo,South South,2022-12-01,201.428571428571
Edo,South South,2023-01-01,281.42857142857144
Edo,South South,2023-02-01,215.71428571428572
Edo,South South,2023-03-01,276.42857142857144
Edo,South South,2023-04-01,251.875
Edo,South South,2023-05-01,231.42857142857142
Edo,South South,2023-06-01,546.6
Ekiti,South West,2019-01-01,144
Ekiti,South West,2019-02-01,143.46666666666667
Ekiti,South West,2019-03-01,145
Ekiti,South West,2019-04-01,145
Ekiti,South West,2019-05-01,144.45
Ekiti,South West,2019-06-01,145
Ekiti,South West,2019-07-01,144.8
Ekiti,South West,2019-08-01,145
Ekiti,South West,2019-09-01,144.9375
Ekiti,South West,2019-10-01,145.6
Ekiti,South West,2019-11-01,144.78947368421052
Ekiti,South West,2019-12-01,145
Ekiti,South West,2020-01-01,145
Ekiti,South West,2020-02-01,145
Ekiti,South West,2020-03-01,145
Ekiti,South West,2020-04-01,125
Ekiti,South West,2020-05-01,126.20588235294117
Ekiti,South West,2020-06-01,124.96666666666667
Ekiti,South West,2020-07-01,144
Ekiti,South West,2020-08-01,148.3777777777778
Ekiti,South West,2020-09-01,160.3111111111111
Ekiti,South West,2020-10-01,161.15294117647062
Ekiti,South West,2020-11-01,166.0625
Ekiti,South West,2020-12-01,166.7157894736842
Ekiti,South West,2021-01-01,162.2058823529412
Ekiti,South West,2021-02-01,164.30555555555554
Ekiti,South West,2021-03-01,169.3
Ekiti,South West,2021-04-01,168.5
Ekiti,South West,2021-05-01,167.41176470588235
Ekiti,South West,2021-06-01,165.72222222222223
Ekiti,South West,2021-07-01,166
Ekiti,South West,2021-08-01,166.846153846154
Ekiti,South West,2021-09-01,170.615384615385
Ekiti,South West,2021-10-01,166.263157894737
Ekiti,South West,2021-11-01,170.05263157894737
Ekiti,South West,2021-12-01,166.41176470588235
Ekiti,South West,2022-01-01,165.2
Ekiti,South West,2022-02-01,165.42857142857142
Ekiti,South West,2022-03-01,166.42857142857142
Ekiti,South West,2022-04-01,172.22
Ekiti,South West,2022-05-01,171.53846153846155
Ekiti,South West,2022-06-01,172
Ekiti,South West,2022-07-01,180.27777777777777
Ekiti,South West,2022-08-01,193.84615384615384
Ekiti,South West,2022-09-01,187.94
Ekiti,South West,2022-10-01,188.1
Ekiti,South West,2022-11-01,189.0625
Ekiti,South West,2022-12-01,202.083333333333
Ekiti,South West,2023-01-01,257.36842105263156
Ekiti,South West,2023-02-01,308.92857142857144
Ekiti,South West,2023-03-01,239.28571428571428
Ekiti,South West,2023-04-01,232.5
Ekiti,South West,2023-05-01,240.88235294117646
Ekiti,South West,2023-06-01,539.333333333333
Enugu,South East,2019-01-01,145.266666666667
Enugu,South East,2019-02-01,145.3125
Enugu,South East,2019-03-01,145.41379310344828
Enugu,South East,2019-04-01,146.173913043478
Enugu,South East,2019-05-01,143.551724137931
Enugu,South East,2019-06-01,145.42307692307693
Enugu,South East,2019-07-01,145.93023255814
Enugu,South East,2019-08-01,145.45
Enugu,South East,2019-09-01,146.3
Enugu,South East,2019-10-01,145.941176470588
Enugu,South East,2019-11-01,148.33333333333334
Enugu,South East,2019-12-01,145.24
Enugu,South East,2020-01-01,144.88
Enugu,South East,2020-02-01,144.5
Enugu,South East,2020-03-01,145.375
Enugu,South East,2020-04-01,125.41666666666667
Enugu,South East,2020-05-01,125
Enugu,South East,2020-06-01,124.57894736842105
Enugu,South East,2020-07-01,144.8
Enugu,South East,2020-08-01,150
Enugu,South East,2020-09-01,160.16666666666666
Enugu,South East,2020-10-01,160.95
Enugu,South East,2020-11-01,170
Enugu,South East,2020-12-01,164.375
Enugu,South East,2021-01-01,165.7295
Enugu,South East,2021-02-01,163.94117647058823
Enugu,South East,2021-03-01,183.13333333333333
Enugu,South East,2021-04-01,170.3125
Enugu,South East,2021-05-01,177.368421052632
Enugu,South East,2021-06-01,166.66666666666666
Enugu,South East,2021-07-01,165
Enugu,South East,2021-08-01,164.61764705882354
Enugu,South East,2021-09-01,166.666666666667
Enugu,South East,2021-10-01,168.83333333333334
Enugu,South East,2021-11-01,168.66666666666666
Enugu,South East,2021-12-01,168.4375
Enugu,South East,2022-01-01,168.66666666666666
Enugu,South East,2022-02-01,169.23076923076923
Enugu,South East,2022-03-01,218.333333333333
Enugu,South East,2022-04-01,197.51
Enugu,South East,2022-05-01,182.78947368421052
Enugu,South East,2022-06-01,178
Enugu,South East,2022-07-01,197.14285714285714
Enugu,South East,2022-08-01,195.3448275862069
Enugu,South East,2022-09-01,196.67
Enugu,South East,2022-10-01,197
Enugu,South East,2022-11-01,215.714285714286
Enugu,South East,2022-12-01,215.914285714286
Enugu,South East,2023-01-01,313.125
Enugu,South East,2023-02-01,301.30434782608694
Enugu,South East,2023-03-01,309
Enugu,South East,2023-04-01,297.647058823529
Enugu,South East,2023-05-01,287.6666666666667
Enugu,South East,2023-06-01,542.777777777778
Gombe,North East,2019-01-01,145.866666666667
Gombe,North East,2019-02-01,144.625
Gombe,North East,2019-03-01,145.91666666666666
Gombe,North East,2019-04-01,145.58333333333334
Gombe,North East,2019-05-01,141.08333333333334
Gombe,North East,2019-06-01,144.58333333333334
Gombe,North East,2019-07-01,144.333333333333
Gombe,North East,2019-08-01,146.11
Gombe,North East,2019-09-01,144.911111111111
Gombe,North East,2019-10-01,144.4
Gombe,North East,2019-11-01,145.666666666667
Gombe,North East,2019-12-01,144.33333333333334
Gombe,North East,2020-01-01,144.8
Gombe,North East,2020-02-01,145.428571428571
Gombe,North East,2020-03-01,145
Gombe,North East,2020-04-01,136
Gombe,North East,2020-05-01,133.166666666667
Gombe,North East,2020-06-01,139.333333333333
Gombe,North East,2020-07-01,142.571428571429
Gombe,North East,2020-08-01,146.42857142857142
Gombe,North East,2020-09-01,160.66666666666666
Gombe,North East,2020-10-01,161.666666666667
Gombe,North East,2020-11-01,170
Gombe,North East,2020-12-01,165.285714285714
Gombe,North East,2021-01-01,165.83333333333334
Gombe,North East,2021-02-01,165.33333333333334
Gombe,North East,2021-03-01,166.42857142857142
Gombe,North East,2021-04-01,157.11111111111111
Gombe,North East,2021-05-01,161.33333333333334
Gombe,North East,2021-06-01,162.111111111111
Gombe,North East,2021-07-01,163.166666666667
Gombe,North East,2021-08-01,165
Gombe,North East,2021-09-01,164.4
Gombe,North East,2021-10-01,164.666666666667
Gombe,North East,2021-11-01,165.285714285714
Gombe,North East,2021-12-01,165.92857142857142
Gombe,North East,2022-01-01,164.71428571428572
Gombe,North East,2022-02-01,170.5
Gombe,North East,2022-03-01,171.4
Gombe,North East,2022-04-01,169.75
Gombe,North East,2022-05-01,166.5
Gombe,North East,2022-06-01,185
Gombe,North East,2022-07-01,190.777777777778
Gombe,North East,2022-08-01,179.125
Gombe,North East,2022-09-01,188.82
Gombe,North East,2022-10-01,210
Gombe,North East,2022-11-01,215
Gombe,North East,2022-12-01,218.888888888889
Gombe,North East,2023-01-01,220
Gombe,North East,2023-02-01,249
Gombe,North East,2023-03-01,302
Gombe,North East,2023-04-01,300.51
Gombe,North East,2023-05-01,299.772727272727
Gombe,North East,2023-06-01,560.833333333333
Imo,South East,2019-01-01,145.615384615385
Imo,South East,2019-02-01,143.181818181818
Imo,South East,2019-03-01,145.71428571428572
Imo,South East,2019-04-01,146.47058823529412
Imo,South East,2019-05-01,145.681818181818
Imo,South East,2019-06-01,145.47368421052633
Imo,South East,2019-07-01,145.33333333333334
Imo,South East,2019-08-01,145.62
Imo,South East,2019-09-01,145.56521739130434
Imo,South East,2019-10-01,146.31034482758622
Imo,South East,2019-11-01,148.04545454545453
Imo,South East,2019-12-01,145.3181818181818
Imo,South East,2020-01-01,145.5
Imo,South East,2020-02-01,145
Imo,South East,2020-03-01,145.65217391304347
Imo,South East,2020-04-01,126.66666666666667
Imo,South East,2020-05-01,126.53846153846153
Imo,South East,2020-06-01,129.7
Imo,South East,2020-07-01,145
Imo,South East,2020-08-01,149.8695652173913
Imo,South East,2020-09-01,161.97826086956522
Imo,South East,2020-10-01,161.611111111111
Imo,South East,2020-11-01,168.4
Imo,South East,2020-12-01,166.72727272727272
Imo,South East,2021-01-01,163.727272727273
Imo,South East,2021-02-01,168.63636363636363
Imo,South East,2021-03-01,179.2
Imo,South East,2021-04-01,166.94117647058823
Imo,South East,2021-05-01,167.4
Imo,South East,2021-06-01,166.54545454545453
Imo,South East,2021-07-01,166.75
Imo,South East,2021-08-01,165.8695652173913
Imo,South East,2021-09-01,167
Imo,South East,2021-10-01,165.83333333333334
Imo,South East,2021-11-01,174.89473684210526
Imo,South East,2021-12-01,165.33333333333334
Imo,South East,2022-01-01,168.07692307692307
Imo,South East,2022-02-01,171.2608695652174
Imo,South East,2022-03-01,205.882352941176
Imo,South East,2022-04-01,190.36
Imo,South East,2022-05-01,188.23529411764707
Imo,South East,2022-06-01,179.73684210526315
Imo,South East,2022-07-01,175.78571428571428
Imo,South East,2022-08-01,187.33333333333334
Imo,South East,2022-09-01,189.29
Imo,South East,2022-10-01,195.090909090909
Imo,South East,2022-11-01,197.5
Imo,South East,2022-12-01,202.166666666667
Imo,South East,2023-01-01,332.14285714285717
Imo,South East,2023-02-01,316.47058823529414
Imo,South East,2023-03-01,332.6666666666667
Imo,South East,2023-04-01,310.55
Imo,South East,2023-05-01,300
Imo,South East,2023-06-01,546.428571428571
Jigawa,North West,2019-01-01,145.692307692308
Jigawa,North West,2019-02-01,145.285714285714
Jigawa,North West,2019-03-01,144.94444444444446
Jigawa,North West,2019-04-01,145
Jigawa,North West,2019-05-01,145
Jigawa,North West,2019-06-01,145
Jigawa,North West,2019-07-01,145
Jigawa,North West,2019-08-01,145.45
Jigawa,North West,2019-09-01,145.357142857143
Jigawa,North West,2019-10-01,145.45454545454547
Jigawa,North West,2019-11-01,144.2941176470588
Jigawa,North West,2019-12-01,144.14285714285714
Jigawa,North West,2020-01-01,144.77
Jigawa,North West,2020-02-01,145
Jigawa,North West,2020-03-01,145.071428571429
Jigawa,North West,2020-04-01,140.571428571429
Jigawa,North West,2020-05-01,137.888888888889
Jigawa,North West,2020-06-01,128.88888888888889
Jigawa,North West,2020-07-01,143.09411764705885
Jigawa,North West,2020-08-01,143.41176470588235
Jigawa,North West,2020-09-01,159.411764705882
Jigawa,North West,2020-10-01,159.538461538462
Jigawa,North West,2020-11-01,167.16666666666666
Jigawa,North West,2020-12-01,165
Jigawa,North West,2021-01-01,163.46153846153845
Jigawa,North West,2021-02-01,163.57142857142858
Jigawa,North West,2021-03-01,166.46153846153845
Jigawa,North West,2021-04-01,170
Jigawa,North West,2021-05-01,164.57142857142858
Jigawa,North West,2021-06-01,165.8125
Jigawa,North West,2021-07-01,164.33333333333334
Jigawa,North West,2021-08-01,164.64285714285714
Jigawa,North West,2021-09-01,166.5
Jigawa,North West,2021-10-01,164.85714285714286
Jigawa,North West,2021-11-01,170.454545454545
Jigawa,North West,2021-12-01,168.8
Jigawa,North West,2022-01-01,165
Jigawa,North West,2022-02-01,165
Jigawa,North West,2022-03-01,165.71428571428572
Jigawa,North West,2022-04-01,169.06
Jigawa,North West,2022-05-01,176.42857142857142
Jigawa,North West,2022-06-01,170
Jigawa,North West,2022-07-01,192.33333333333334
Jigawa,North West,2022-08-01,210.5
Jigawa,North West,2022-09-01,205.62
Jigawa,North West,2022-10-01,205.77
Jigawa,North West,2022-11-01,210.25
Jigawa,North West,2022-12-01,213.928571428571
Jigawa,North West,2023-01-01,281.42857142857144
Jigawa,North West,2023-02-01,329.1666666666667
Jigawa,North West,2023-03-01,316.666666666667
Jigawa,North West,2023-04-01,305
Jigawa,North West,2023-05-01,297.5
Jigawa,North West,2023-06-01,556.666666666667
Kaduna,North West,2019-01-01,146.22222222222223
Kaduna,North West,2019-02-01,146.083333333333
Kaduna,North West,2019-03-01,144.44444444444446
Kaduna,North West,2019-04-01,144.6875
Kaduna,North West,2019-05-01,144.8
Kaduna,North West,2019-06-01,144.6875
Kaduna,North West,2019-07-01,144.8
Kaduna,North West,2019-08-01,144.68
Kaduna,North West,2019-09-01,144.13333333333333
Kaduna,North West,2019-10-01,144.6875
Kaduna,North West,2019-11-01,145.75
Kaduna,North West,2019-12-01,146.5
Kaduna,North West,2020-01-01,145.22
Kaduna,North West,2020-02-01,145.21052631578948
Kaduna,North West,2020-03-01,145.642857142857
Kaduna,North West,2020-04-01,136.785714285714
Kaduna,North West,2020-05-01,135.818181818182
Kaduna,North West,2020-06-01,127.47058823529412
Kaduna,North West,2020-07-01,143.7263157894737
Kaduna,North West,2020-08-01,150.16923076923078
Kaduna,North West,2020-09-01,158.169230769231
Kaduna,North West,2020-10-01,161.461538461538
Kaduna,North West,2020-11-01,163.83333333333334
Kaduna,North West,2020-12-01,155
Kaduna,North West,2021-01-01,163.4
Kaduna,North West,2021-02-01,165
Kaduna,North West,2021-03-01,169.91666666666666
Kaduna,North West,2021-04-01,166.83333333333334
Kaduna,North West,2021-05-01,164.3846153846154
Kaduna,North West,2021-06-01,165.5
Kaduna,North West,2021-07-01,165.107142857143
Kaduna,North West,2021-08-01,164.3846153846154
Kaduna,North West,2021-09-01,165.342105263158
Kaduna,North West,2021-10-01,170.1
Kaduna,North West,2021-11-01,169.63636363636363
Kaduna,North West,2021-12-01,164.92307692307693
Kaduna,North West,2022-01-01,165.53333333333333
Kaduna,North West,2022-02-01,189.0909090909091
Kaduna,North West,2022-03-01,208.6
Kaduna,North West,2022-04-01,202.94
Kaduna,North West,2022-05-01,183.25
Kaduna,North West,2022-06-01,190.8
Kaduna,North West,2022-07-01,193
Kaduna,North West,2022-08-01,210.9375
Kaduna,North West,2022-09-01,199.62
Kaduna,North West,2022-10-01,189.230769230769
Kaduna,North West,2022-11-01,198.5
Kaduna,North West,2022-12-01,207
Kaduna,North West,2023-01-01,281.07142857142856
Kaduna,North West,2023-02-01,305.666666666667
Kaduna,North West,2023-03-01,288.92857142857144
Kaduna,North West,2023-04-01,262.307692307692
Kaduna,North West,2023-05-01,280
Kaduna,North West,2023-06-01,549.529411764706
Kano,North West,2019-01-01,145
Kano,North West,2019-02-01,145
Kano,North West,2019-03-01,145.21052631578948
Kano,North West,2019-04-01,145.35294117647058
Kano,North West,2019-05-01,145.35294117647058
Kano,North West,2019-06-01,145.35294117647058
Kano,North West,2019-07-01,145.35294117647058
Kano,North West,2019-08-01,145.35
Kano,North West,2019-09-01,144.85714285714286
Kano,North West,2019-10-01,145.35294117647058
Kano,North West,2019-11-01,145.785714285714
Kano,North West,2019-12-01,144.86666666666667
Kano,North West,2020-01-01,144.38
Kano,North West,2020-02-01,145.857142857143
Kano,North West,2020-03-01,145.1875
Kano,North West,2020-04-01,135.625
Kano,North West,2020-05-01,134.25
Kano,North West,2020-06-01,125.53333333333333
Kano,North West,2020-07-01,143.75
Kano,North West,2020-08-01,148.92307692307693
Kano,North West,2020-09-01,158.923076923077
Kano,North West,2020-10-01,160.85714285714286
Kano,North West,2020-11-01,167.705882352941
Kano,North West,2020-12-01,168.76923076923077
Kano,North West,2021-01-01,163.9090909090909
Kano,North West,2021-02-01,168.76923076923077
Kano,North West,2021-03-01,166.36363636363637
Kano,North West,2021-04-01,177
Kano,North West,2021-05-01,167.555555555556
Kano,North West,2021-06-01,164.27272727272728
Kano,North West,2021-07-01,164.875
Kano,North West,2021-08-01,158.75
Kano,North West,2021-09-01,160.833333333333
Kano,North West,2021-10-01,168.866666666667
Kano,North West,2021-11-01,168.30769230769232
Kano,North West,2021-12-01,163.57142857142858
Kano,North West,2022-01-01,171.66666666666666
Kano,North West,2022-02-01,175.55555555555554
Kano,North West,2022-03-01,181.66666666666666
Kano,North West,2022-04-01,171.56
Kano,North West,2022-05-01,175
Kano,North West,2022-06-01,183.57142857142858
Kano,North West,2022-07-01,196.71428571428572
Kano,North West,2022-08-01,200.28571428571428
Kano,North West,2022-09-01,207.5
Kano,North West,2022-10-01,210.142857142857
Kano,North West,2022-11-01,205.083333333333
Kano,North West,2022-12-01,203.333333333333
Kano,North West,2023-01-01,286.3636363636364
Kano,North West,2023-02-01,275.5
Kano,North West,2023-03-01,290.4166666666667
Kano,North West,2023-04-01,273.333333333333
Kano,North West,2023-05-01,229.31578947368422
Kano,North West,2023-06-01,561.818181818182
Katsina,North West,2019-01-01,145
Katsina,North West,2019-02-01,145
Katsina,North West,2019-03-01,145.23076923076923
Katsina,North West,2019-04-01,143.5
Katsina,North West,2019-05-01,142.5
Katsina,North West,2019-06-01,144.125
Katsina,North West,2019-07-01,142.5
Katsina,North West,2019-08-01,142.5
Katsina,North West,2019-09-01,145.5
Katsina,North West,2019-10-01,145
Katsina,North West,2019-11-01,144.45454545454547
Katsina,North West,2019-12-01,144.23076923076923
Katsina,North West,2020-01-01,144
Katsina,North West,2020-02-01,145.034782608695
Katsina,North West,2020-03-01,145.416666666667
Katsina,North West,2020-04-01,136.25
Katsina,North West,2020-05-01,132.608695652174
Katsina,North West,2020-06-01,135.181818181818
Katsina,North West,2020-07-01,144.1130434782609
Katsina,North West,2020-08-01,146.4
Katsina,North West,2020-09-01,156.4
Katsina,North West,2020-10-01,160.25
Katsina,North West,2020-11-01,166.2
Katsina,North West,2020-12-01,160.25
Katsina,North West,2021-01-01,163.25
Katsina,North West,2021-02-01,163.25
Katsina,North West,2021-03-01,166
Katsina,North West,2021-04-01,156.6
Katsina,North West,2021-05-01,162.85714285714286
Katsina,North West,2021-06-01,160.857142857143
Katsina,North West,2021-07-01,164
Katsina,North West,2021-08-01,162.5
Katsina,North West,2021-09-01,162.680555555556
Katsina,North West,2021-10-01,164.28571428571428
Katsina,North West,2021-11-01,163.22222222222223
Katsina,North West,2021-12-01,165
Katsina,North West,2022-01-01,165.30769230769232
Katsina,North West,2022-02-01,166.9
Katsina,North West,2022-03-01,170.14285714285714
Katsina,North West,2022-04-01,165.25
Katsina,North West,2022-05-01,178.07692307692307
Katsina,North West,2022-06-01,180.7
Katsina,North West,2022-07-01,186.75
Katsina,North West,2022-08-01,190.555555555556
Katsina,North West,2022-09-01,192.03
Katsina,North West,2022-10-01,195.51724137931
Katsina,North West,2022-11-01,198.181818181818
Katsina,North West,2022-12-01,200.333333333333
Katsina,North West,2023-01-01,246.11111111111111
Katsina,North West,2023-02-01,280.375
Katsina,North West,2023-03-01,306.25
Katsina,North West,2023-04-01,295.44
Katsina,North West,2023-05-01,254.285714285714
Katsina,North West,2023-06-01,546.666666666667
Kebbi,North West,2019-01-01,146
Kebbi,North West,2019-02-01,145.55555555555554
Kebbi,North West,2019-03-01,146.75
Kebbi,North West,2019-04-01,147.071428571429
Kebbi,North West,2019-05-01,146
Kebbi,North West,2019-06-01,146.428571428571
Kebbi,North West,2019-07-01,145
Kebbi,North West,2019-08-01,145.21
Kebbi,North West,2019-09-01,146.625
Kebbi,North West,2019-10-01,146.214285714286
Kebbi,North West,2019-11-01,148.235294117647
Kebbi,North West,2019-12-01,147.69230769230768
Kebbi,North West,2020-01-01,145.78
Kebbi,North West,2020-02-01,145.733333333333
Kebbi,North West,2020-03-01,145
Kebbi,North West,2020-04-01,129.117647058824
Kebbi,North West,2020-05-01,128.769230769231
Kebbi,North West,2020-06-01,130.6
Kebbi,North West,2020-07-01,144.25
Kebbi,North West,2020-08-01,153.647058823529
Kebbi,North West,2020-09-01,158.64705882352942
Kebbi,North West,2020-10-01,166.5
Kebbi,North West,2020-11-01,174.46153846153845
Kebbi,North West,2020-12-01,169.91666666666666
Kebbi,North West,2021-01-01,163.64285714285714
Kebbi,North West,2021-02-01,173.071428571429
Kebbi,North West,2021-03-01,170.44444444444446
Kebbi,North West,2021-04-01,169.58333333333334
Kebbi,North West,2021-05-01,165
Kebbi,North West,2021-06-01,165.026
Kebbi,North West,2021-07-01,165.024
Kebbi,North West,2021-08-01,163
Kebbi,North West,2021-09-01,164.857142857143
Kebbi,North West,2021-10-01,165.22
Kebbi,North West,2021-11-01,165.6
Kebbi,North West,2021-12-01,164.4
Kebbi,North West,2022-01-01,176.11111111111111
Kebbi,North West,2022-02-01,180
Kebbi,North West,2022-03-01,194.16666666666666
Kebbi,North West,2022-04-01,168.88
Kebbi,North West,2022-05-01,170
Kebbi,North West,2022-06-01,165.33333333333334
Kebbi,North West,2022-07-01,200.111111111111
Kebbi,North West,2022-08-01,205.142857142857
Kebbi,North West,2022-09-01,203.08
Kebbi,North West,2022-10-01,211
Kebbi,North West,2022-11-01,208
Kebbi,North West,2022-12-01,211.923076923077
Kebbi,North West,2023-01-01,270.875
Kebbi,North West,2023-02-01,278.181818181818
Kebbi,North West,2023-03-01,261.1666666666667
Kebbi,North West,2023-04-01,247.2
Kebbi,North West,2023-05-01,286.4
Kebbi,North West,2023-06-01,545.555555555556
Kogi,North Central,2019-01-01,145.823529411765
Kogi,North Central,2019-02-01,145.5
Kogi,North Central,2019-03-01,146.090909090909
Kogi,North Central,2019-04-01,147.875
Kogi,North Central,2019-05-01,146
Kogi,North Central,2019-06-01,147.9090909090909
Kogi,North Central,2019-07-01,143
Kogi,North Central,2019-08-01,146.75
Kogi,North Central,2019-09-01,145
Kogi,North Central,2019-10-01,145.444444444444
Kogi,North Central,2019-11-01,145.1818181818182
Kogi,North Central,2019-12-01,147.08333333333334
Kogi,North Central,2020-01-01,145.91
Kogi,North Central,2020-02-01,145.1875
Kogi,North Central,2020-03-01,145.22222222222223
Kogi,North Central,2020-04-01,135.222222222222
Kogi,North Central,2020-05-01,133.07142857142858
Kogi,North Central,2020-06-01,135.375
Kogi,North Central,2020-07-01,143.22222222222223
Kogi,North Central,2020-08-01,146.375
Kogi,North Central,2020-09-01,165.71428571428572
Kogi,North Central,2020-10-01,162.857142857143
Kogi,North Central,2020-11-01,165.153846153846
Kogi,North Central,2020-12-01,167.214285714286
Kogi,North Central,2021-01-01,164.5
Kogi,North Central,2021-02-01,175.8181818181818
Kogi,North Central,2021-03-01,182.384615384615
Kogi,North Central,2021-04-01,168
Kogi,North Central,2021-05-01,168.91666666666666
Kogi,North Central,2021-06-01,163
Kogi,North Central,2021-07-01,167.63636363636363
Kogi,North Central,2021-08-01,164.375
Kogi,North Central,2021-09-01,164.384615384615
Kogi,North Central,2021-10-01,163.6153846153846
Kogi,North Central,2021-11-01,170.166666666667
Kogi,North Central,2021-12-01,168.91666666666666
Kogi,North Central,2022-01-01,167.54
Kogi,North Central,2022-02-01,167.875
Kogi,North Central,2022-03-01,168.91666666666666
Kogi,North Central,2022-04-01,168.89
Kogi,North Central,2022-05-01,168
Kogi,North Central,2022-06-01,168.3
Kogi,North Central,2022-07-01,205.23529411764707
Kogi,North Central,2022-08-01,202.0909090909091
Kogi,North Central,2022-09-01,194.29
Kogi,North Central,2022-10-01,204.333333333333
Kogi,North Central,2022-11-01,212.384615384615
Kogi,North Central,2022-12-01,216
Kogi,North Central,2023-01-01,236.53846153846155
Kogi,North Central,2023-02-01,236.53846153846155
Kogi,North Central,2023-03-01,210
Kogi,North Central,2023-04-01,206.111111111111
Kogi,North Central,2023-05-01,220.3846153846154
Kogi,North Central,2023-06-01,550.833333333333
Kwara,North Central,2019-01-01,145.61904761904762
Kwara,North Central,2019-02-01,145.38095238095238
Kwara,North Central,2019-03-01,144.77777777777777
Kwara,North Central,2019-04-01,146.85714285714286
Kwara,North Central,2019-05-01,146.14285714285714
Kwara,North Central,2019-06-01,146
Kwara,North Central,2019-07-01,146.66666666666666
Kwara,North Central,2019-08-01,146.66
Kwara,North Central,2019-09-01,146.66666666666666
Kwara,North Central,2019-10-01,146.14285714285714
Kwara,North Central,2019-11-01,146
Kwara,North Central,2019-12-01,145.25
Kwara,North Central,2020-01-01,145.67
Kwara,North Central,2020-02-01,144.825
Kwara,North Central,2020-03-01,145.25
Kwara,North Central,2020-04-01,125
Kwara,North Central,2020-05-01,124.875
Kwara,North Central,2020-06-01,123.85714285714286
Kwara,North Central,2020-07-01,140.5
Kwara,North Central,2020-08-01,149.5
Kwara,North Central,2020-09-01,164.8
Kwara,North Central,2020-10-01,162.5
Kwara,North Central,2020-11-01,172.33333333333334
Kwara,North Central,2020-12-01,172.42857142857142
Kwara,North Central,2021-01-01,164
Kwara,North Central,2021-02-01,166.14285714285714
Kwara,North Central,2021-03-01,173.714285714286
Kwara,North Central,2021-04-01,168.75
Kwara,North Central,2021-05-01,166.44444444444446
Kwara,North Central,2021-06-01,168.125
Kwara,North Central,2021-07-01,170.55555555555554
Kwara,North Central,2021-08-01,164.4
Kwara,North Central,2021-09-01,163.7
Kwara,North Central,2021-10-01,160
Kwara,North Central,2021-11-01,166.42857142857142
Kwara,North Central,2021-12-01,165
Kwara,North Central,2022-01-01,164.53
Kwara,North Central,2022-02-01,165.722222222222
Kwara,North Central,2022-03-01,165.95
Kwara,North Central,2022-04-01,165.42
Kwara,North Central,2022-05-01,169.28571428571428
Kwara,North Central,2022-06-01,166.25
Kwara,North Central,2022-07-01,185
Kwara,North Central,2022-08-01,189
Kwara,North Central,2022-09-01,188.85
Kwara,North Central,2022-10-01,189
Kwara,North Central,2022-11-01,217.142857142857
Kwara,North Central,2022-12-01,216.363636363636
Kwara,North Central,2023-01-01,229.375
Kwara,North Central,2023-02-01,265.4166666666667
Kwara,North Central,2023-03-01,215
Kwara,North Central,2023-04-01,212
Kwara,North Central,2023-05-01,212.5
Kwara,North Central,2023-06-01,540
Lagos,South West,2019-01-01,144.86666666666667
Lagos,South West,2019-02-01,144.875
Lagos,South West,2019-03-01,145
Lagos,South West,2019-04-01,145
Lagos,South West,2019-05-01,144.9047619047619
Lagos,South West,2019-06-01,145.25
Lagos,South West,2019-07-01,144.61111111111111
Lagos,South West,2019-08-01,145
Lagos,South West,2019-09-01,145.052631578947
Lagos,South West,2019-10-01,145
Lagos,South West,2019-11-01,145.777777777778
Lagos,South West,2019-12-01,145
Lagos,South West,2020-01-01,145.23
Lagos,South West,2020-02-01,144.727272727273
Lagos,South West,2020-03-01,144.86666666666667
Lagos,South West,2020-04-01,125.866666666667
Lagos,South West,2020-05-01,125.285714285714
Lagos,South West,2020-06-01,127.05263157894737
Lagos,South West,2020-07-01,143
Lagos,South West,2020-08-01,148.96444444444444
Lagos,South West,2020-09-01,159.45238095238096
Lagos,South West,2020-10-01,159.882352941176
Lagos,South West,2020-11-01,165.421052631579
Lagos,South West,2020-12-01,163.2472222222222
Lagos,South West,2021-01-01,160.74529411764706
Lagos,South West,2021-02-01,164
Lagos,South West,2021-03-01,200.869565217391
Lagos,South West,2021-04-01,165.55
Lagos,South West,2021-05-01,186.264705882353
Lagos,South West,2021-06-01,165.35
Lagos,South West,2021-07-01,164.075
Lagos,South West,2021-08-01,168.3125
Lagos,South West,2021-09-01,167.8
Lagos,South West,2021-10-01,162.66666666666666
Lagos,South West,2021-11-01,170.842105263158
Lagos,South West,2021-12-01,163.72222222222223
Lagos,South West,2022-01-01,163.26315789473685
Lagos,South West,2022-02-01,168.15625
Lagos,South West,2022-03-01,172.59375
Lagos,South West,2022-04-01,165.13
Lagos,South West,2022-05-01,168.23529411764707
Lagos,South West,2022-06-01,171.75
Lagos,South West,2022-07-01,202.77777777777777
Lagos,South West,2022-08-01,190
Lagos,South West,2022-09-01,197.14
Lagos,South West,2022-10-01,200.5
Lagos,South West,2022-11-01,205.01142857143
Lagos,South West,2022-12-01,206.111111111111
Lagos,South West,2023-01-01,245.42857142857142
Lagos,South West,2023-02-01,305.625
Lagos,South West,2023-03-01,212.75
Lagos,South West,2023-04-01,207.714285714286
Lagos,South West,2023-05-01,213.88888888888889
Lagos,South West,2023-06-01,538.133333333333
Nasarawa,North Central,2019-01-01,145
Nasarawa,North Central,2019-02-01,145.263157894737
Nasarawa,North Central,2019-03-01,146.333333333333
Nasarawa,North Central,2019-04-01,146.833333333333
Nasarawa,North Central,2019-05-01,145.46153846153845
Nasarawa,North Central,2019-06-01,145.090909090909
Nasarawa,North Central,2019-07-01,145.25
Nasarawa,North Central,2019-08-01,145.25
Nasarawa,North Central,2019-09-01,145.25
Nasarawa,North Central,2019-10-01,145.5
Nasarawa,North Central,2019-11-01,145.461538461538
Nasarawa,North Central,2019-12-01,145.07692307692307
Nasarawa,North Central,2020-01-01,145.67
Nasarawa,North Central,2020-02-01,145.090909090909
Nasarawa,North Central,2020-03-01,145.230769230769
Nasarawa,North Central,2020-04-01,127
Nasarawa,North Central,2020-05-01,126.266666666667
Nasarawa,North Central,2020-06-01,126.16666666666667
Nasarawa,North Central,2020-07-01,143.428571428571
Nasarawa,North Central,2020-08-01,150.6
Nasarawa,North Central,2020-09-01,158.92307692307693
Nasarawa,North Central,2020-10-01,160.214285714286
Nasarawa,North Central,2020-11-01,165.428571428571
Nasarawa,North Central,2020-12-01,166.25
Nasarawa,North Central,2021-01-01,164.25
Nasarawa,North Central,2021-02-01,163.076923076923
Nasarawa,North Central,2021-03-01,170.41666666666666
Nasarawa,North Central,2021-04-01,164.84615384615384
Nasarawa,North Central,2021-05-01,162.5
Nasarawa,North Central,2021-06-01,170.33333333333334
Nasarawa,North Central,2021-07-01,164
Nasarawa,North Central,2021-08-01,165
Nasarawa,North Central,2021-09-01,164.5
Nasarawa,North Central,2021-10-01,170.454545454545
Nasarawa,North Central,2021-11-01,165.8
Nasarawa,North Central,2021-12-01,167.36363636363637
Nasarawa,North Central,2022-01-01,166.08
Nasarawa,North Central,2022-02-01,165.25
Nasarawa,North Central,2022-03-01,165.45
Nasarawa,North Central,2022-04-01,165
Nasarawa,North Central,2022-05-01,168.1818181818182
Nasarawa,North Central,2022-06-01,167
Nasarawa,North Central,2022-07-01,205.5
Nasarawa,North Central,2022-08-01,197.214285714286
Nasarawa,North Central,2022-09-01,193.21
Nasarawa,North Central,2022-10-01,195
Nasarawa,North Central,2022-11-01,210.416666666667
Nasarawa,North Central,2022-12-01,211.285714285714
Nasarawa,North Central,2023-01-01,217.5
Nasarawa,North Central,2023-02-01,205.916666666667
Nasarawa,North Central,2023-03-01,197.5
Nasarawa,North Central,2023-04-01,207.5
Nasarawa,North Central,2023-05-01,220
Nasarawa,North Central,2023-06-01,540.583333333333
Niger,North Central,2019-01-01,145.375
Niger,North Central,2019-02-01,145.42857142857142
Niger,North Central,2019-03-01,144.916666666667
Niger,North Central,2019-04-01,145.9090909090909
Niger,North Central,2019-05-01,146.11111111111111
Niger,North Central,2019-06-01,146.125
Niger,North Central,2019-07-01,145.833333333333
Niger,North Central,2019-08-01,145.62
Niger,North Central,2019-09-01,145.833333333333
Niger,North Central,2019-10-01,145.6
Niger,North Central,2019-11-01,146.333333333333
Niger,North Central,2019-12-01,145.77777777777777
Niger,North Central,2020-01-01,146.88
Niger,North Central,2020-02-01,146.57142857142858
Niger,North Central,2020-03-01,146.25
Niger,North Central,2020-04-01,135
Niger,North Central,2020-05-01,135.66666666666666
Niger,North Central,2020-06-01,133.63636363636363
Niger,North Central,2020-07-01,143.083333333333
Niger,North Central,2020-08-01,143.9
Niger,North Central,2020-09-01,156.555555555556
Niger,North Central,2020-10-01,158.375
Niger,North Central,2020-11-01,165
Niger,North Central,2020-12-01,166.375
Niger,North Central,2021-01-01,162.75
Niger,North Central,2021-02-01,165.181818181818
Niger,North Central,2021-03-01,183.5
Niger,North Central,2021-04-01,163.375
Niger,North Central,2021-05-01,173
Niger,North Central,2021-06-01,164.75
Niger,North Central,2021-07-01,163.714285714286
Niger,North Central,2021-08-01,162
Niger,North Central,2021-09-01,163.024
Niger,North Central,2021-10-01,167.666666666667
Niger,North Central,2021-11-01,165.875
Niger,North Central,2021-12-01,167.142857142857
Niger,North Central,2022-01-01,169.09
Niger,North Central,2022-02-01,172.444444444444
Niger,North Central,2022-03-01,170.5
Niger,North Central,2022-04-01,165.55
Niger,North Central,2022-05-01,166.36363636363637
Niger,North Central,2022-06-01,168
Niger,North Central,2022-07-01,208
Niger,North Central,2022-08-01,198.7
Niger,North Central,2022-09-01,203.22
Niger,North Central,2022-10-01,202.55
Niger,North Central,2022-11-01,211.4
Niger,North Central,2022-12-01,209.0625
Niger,North Central,2023-01-01,213
Niger,North Central,2023-02-01,198.5
Niger,North Central,2023-03-01,198.5
Niger,North Central,2023-04-01,208
Niger,North Central,2023-05-01,201.8181818181818
Niger,North Central,2023-06-01,545.555555555556
Ogun,South West,2019-01-01,144.444444444444
Ogun,South West,2019-02-01,143.055555555556
Ogun,South West,2019-03-01,145
Ogun,South West,2019-04-01,145
Ogun,South West,2019-05-01,145.117647058824
Ogun,South West,2019-06-01,145
Ogun,South West,2019-07-01,145.6
Ogun,South West,2019-08-01,145
Ogun,South West,2019-09-01,145.8
Ogun,South West,2019-10-01,145
Ogun,South West,2019-11-01,145.384615384615
Ogun,South West,2019-12-01,145
Ogun,South West,2020-01-01,145
Ogun,South West,2020-02-01,145.083333333333
Ogun,South West,2020-03-01,144.8181818181818
Ogun,South West,2020-04-01,126.66666666666667
Ogun,South West,2020-05-01,125
Ogun,South West,2020-06-01,124.375
Ogun,South West,2020-07-01,140.3
Ogun,South West,2020-08-01,149.39846153846153
Ogun,South West,2020-09-01,160.90833333333333
Ogun,South West,2020-10-01,160.75
Ogun,South West,2020-11-01,167.54545454545453
Ogun,South West,2020-12-01,163.73333333333332
Ogun,South West,2021-01-01,163.78125
Ogun,South West,2021-02-01,164.85294117647058
Ogun,South West,2021-03-01,165.53125
Ogun,South West,2021-04-01,165.5
Ogun,South West,2021-05-01,164.5
Ogun,South West,2021-06-01,164.53125
Ogun,South West,2021-07-01,164.25
Ogun,South West,2021-08-01,164.75
Ogun,South West,2021-09-01,165.06
Ogun,South West,2021-10-01,163.77777777777777
Ogun,South West,2021-11-01,165.25
Ogun,South West,2021-12-01,163
Ogun,South West,2022-01-01,163.6875
Ogun,South West,2022-02-01,166.78125
Ogun,South West,2022-03-01,172.8125
Ogun,South West,2022-04-01,169.2
Ogun,South West,2022-05-01,165
Ogun,South West,2022-06-01,165.2
Ogun,South West,2022-07-01,185.076923076923
Ogun,South West,2022-08-01,177.8846153846154
Ogun,South West,2022-09-01,185.71
Ogun,South West,2022-10-01,197.5
Ogun,South West,2022-11-01,200
Ogun,South West,2022-12-01,206.538461538462
Ogun,South West,2023-01-01,238.14814814814815
Ogun,South West,2023-02-01,280.571428571429
Ogun,South West,2023-03-01,241.9
Ogun,South West,2023-04-01,227.692307692308
Ogun,South West,2023-05-01,212.69230769230768
Ogun,South West,2023-06-01,540.909090909091
Ondo,South West,2019-01-01,144
Ondo,South West,2019-02-01,145.625
Ondo,South West,2019-03-01,145.176470588235
Ondo,South West,2019-04-01,145.5
Ondo,South West,2019-05-01,145.111111111111
Ondo,South West,2019-06-01,145.25
Ondo,South West,2019-07-01,146.47368421052633
Ondo,South West,2019-08-01,145.75
Ondo,South West,2019-09-01,145.3125
Ondo,South West,2019-10-01,145.052631578947
Ondo,South West,2019-11-01,145.33333333333334
Ondo,South West,2019-12-01,146
Ondo,South West,2020-01-01,145.18
Ondo,South West,2020-02-01,146
Ondo,South West,2020-03-01,145.625
Ondo,South West,2020-04-01,125.41666666666667
Ondo,South West,2020-05-01,124.88
Ondo,South West,2020-06-01,126.68095238095239
Ondo,South West,2020-07-01,144.28571428571428
Ondo,South West,2020-08-01,149.42857142857142
Ondo,South West,2020-09-01,161
Ondo,South West,2020-10-01,159.6153846153846
Ondo,South West,2020-11-01,166.625
Ondo,South West,2020-12-01,164.63888888888889
Ondo,South West,2021-01-01,163.11764705882354
Ondo,South West,2021-02-01,163.94117647058823
Ondo,South West,2021-03-01,168.1904761904762
Ondo,South West,2021-04-01,168.41176470588235
Ondo,South West,2021-05-01,166.6875
Ondo,South West,2021-06-01,164.3125
Ondo,South West,2021-07-01,166.5
Ondo,South West,2021-08-01,163.533333333333
Ondo,South West,2021-09-01,162.2
Ondo,South West,2021-10-01,166.28571428571428
Ondo,South West,2021-11-01,167.06666666666666
Ondo,South West,2021-12-01,165.85714285714286
Ondo,South West,2022-01-01,166.27777777777777
Ondo,South West,2022-02-01,167.33333333333334
Ondo,South West,2022-03-01,168.55555555555554
Ondo,South West,2022-04-01,167.14
Ondo,South West,2022-05-01,167.35714285714286
Ondo,South West,2022-06-01,180.214285714286
Ondo,South West,2022-07-01,195
Ondo,South West,2022-08-01,188.93333333333334
Ondo,South West,2022-09-01,190.71
Ondo,South West,2022-10-01,190.714285714286
Ondo,South West,2022-11-01,208.125
Ondo,South West,2022-12-01,210
Ondo,South West,2023-01-01,249.44444444444446
Ondo,South West,2023-02-01,286.875
Ondo,South West,2023-03-01,241.33333333333334
Ondo,South West,2023-04-01,231.0625
Ondo,South West,2023-05-01,232.75
Ondo,South West,2023-06-01,540.2
Osun,South West,2019-01-01,148.83333333333334
Osun,South West,2019-02-01,145.888888888889
Osun,South West,2019-03-01,145
Osun,South West,2019-04-01,145
Osun,South West,2019-05-01,145.526315789474
Osun,South West,2019-06-01,145
Osun,South West,2019-07-01,145
Osun,South West,2019-08-01,145
Osun,South West,2019-09-01,145
Osun,South West,2019-10-01,145
Osun,South West,2019-11-01,144.625
Osun,South West,2019-12-01,145
Osun,South West,2020-01-01,145
Osun,South West,2020-02-01,145.11111111111111
Osun,South West,2020-03-01,145
Osun,South West,2020-04-01,126.42857142857143
Osun,South West,2020-05-01,126.775
Osun,South West,2020-06-01,135.5
Osun,South West,2020-07-01,143.8663684210526
Osun,South West,2020-08-01,148.96333333333334
Osun,South West,2020-09-01,159.57142857142858
Osun,South West,2020-10-01,159.69230769230768
Osun,South West,2020-11-01,167.72727272727272
Osun,South West,2020-12-01,166.07142857142858
Osun,South West,2021-01-01,162.625
Osun,South West,2021-02-01,162.90625
Osun,South West,2021-03-01,169.05882352941177
Osun,South West,2021-04-01,164.03125
Osun,South West,2021-05-01,164.66666666666666
Osun,South West,2021-06-01,164.6
Osun,South West,2021-07-01,165.07142857142858
Osun,South West,2021-08-01,164.357142857143
Osun,South West,2021-09-01,164.625
Osun,South West,2021-10-01,164.1
Osun,South West,2021-11-01,165.461538461538
Osun,South West,2021-12-01,164.73333333333332
Osun,South West,2022-01-01,164.46153846153845
Osun,South West,2022-02-01,167.27272727272728
Osun,South West,2022-03-01,177.72727272727272
Osun,South West,2022-04-01,173.75
Osun,South West,2022-05-01,167.85714285714286
Osun,South West,2022-06-01,177
Osun,South West,2022-07-01,187.64705882352942
Osun,South West,2022-08-01,188.21428571428572
Osun,South West,2022-09-01,185.77
Osun,South West,2022-10-01,187
Osun,South West,2022-11-01,205.45454545455
Osun,South West,2022-12-01,207.777777777778
Osun,South West,2023-01-01,262.125
Osun,South West,2023-02-01,302.5
Osun,South West,2023-03-01,248
Osun,South West,2023-04-01,231.666666666667
Osun,South West,2023-05-01,226.1818181818182
Osun,South West,2023-06-01,540.133333333333
Oyo,South West,2019-01-01,150.5
Oyo,South West,2019-02-01,146.5
Oyo,South West,2019-03-01,145
Oyo,South West,2019-04-01,145.25
Oyo,South West,2019-05-01,144.65
Oyo,South West,2019-06-01,145.52631578947367
Oyo,South West,2019-07-01,144.45
Oyo,South West,2019-08-01,145.88
Oyo,South West,2019-09-01,144.76470588235293
Oyo,South West,2019-10-01,145.20833333333334
Oyo,South West,2019-11-01,144.375
Oyo,South West,2019-12-01,145.625
Oyo,South West,2020-01-01,145.26
Oyo,South West,2020-02-01,145.07692307692307
Oyo,South West,2020-03-01,145
Oyo,South West,2020-04-01,125
Oyo,South West,2020-05-01,126.25
Oyo,South West,2020-06-01,124.38888888888889
Oyo,South West,2020-07-01,143.5
Oyo,South West,2020-08-01,148.92888888888888
Oyo,South West,2020-09-01,160.11764705882354
Oyo,South West,2020-10-01,159.8
Oyo,South West,2020-11-01,166.28571428571428
Oyo,South West,2020-12-01,165.11764705882354
Oyo,South West,2021-01-01,163.1764705882353
Oyo,South West,2021-02-01,166.9
Oyo,South West,2021-03-01,167.21052631578948
Oyo,South West,2021-04-01,165.5
Oyo,South West,2021-05-01,166.61111111111111
Oyo,South West,2021-06-01,164.88235294117646
Oyo,South West,2021-07-01,165.23529411764707
Oyo,South West,2021-08-01,165.0588235294
Oyo,South West,2021-09-01,163.666666666667
Oyo,South West,2021-10-01,164.06666666666666
Oyo,South West,2021-11-01,165.85
Oyo,South West,2021-12-01,165.5
Oyo,South West,2022-01-01,165.73333333333332
Oyo,South West,2022-02-01,167.58823529411765
Oyo,South West,2022-03-01,173.23529411764707
Oyo,South West,2022-04-01,176.43
Oyo,South West,2022-05-01,170.88235294117646
Oyo,South West,2022-06-01,179.38888888888889
Oyo,South West,2022-07-01,195.41666666666666
Oyo,South West,2022-08-01,182.44444444444446
Oyo,South West,2022-09-01,187.89
Oyo,South West,2022-10-01,190.722222222222
Oyo,South West,2022-11-01,207.33333333333
Oyo,South West,2022-12-01,210.416666666667
Oyo,South West,2023-01-01,252.29166666666666
Oyo,South West,2023-02-01,311.42857142857144
Oyo,South West,2023-03-01,225.33333333333334
Oyo,South West,2023-04-01,217.058823529412
Oyo,South West,2023-05-01,215.3846153846154
Oyo,South West,2023-06-01,537.428571428571
Plateau,North Central,2019-01-01,146.416666666667
Plateau,North Central,2019-02-01,146.55
Plateau,North Central,2019-03-01,144.42857142857142
Plateau,North Central,2019-04-01,145.42857142857142
Plateau,North Central,2019-05-01,145.71428571428572
Plateau,North Central,2019-06-01,144.77777777777777
Plateau,North Central,2019-07-01,145
Plateau,North Central,2019-08-01,146
Plateau,North Central,2019-09-01,146
Plateau,North Central,2019-10-01,146
Plateau,North Central,2019-11-01,145.714285714286
Plateau,North Central,2019-12-01,145.42857142857142
Plateau,North Central,2020-01-01,145.63
Plateau,North Central,2020-02-01,145.77777777777777
Plateau,North Central,2020-03-01,145.71428571428572
Plateau,North Central,2020-04-01,134.28571428571428
Plateau,North Central,2020-05-01,132.44444444444
Plateau,North Central,2020-06-01,132.571428571429
Plateau,North Central,2020-07-01,143.583333333333
Plateau,North Central,2020-08-01,150.375
Plateau,North Central,2020-09-01,159.42857142857142
Plateau,North Central,2020-10-01,162.6
Plateau,North Central,2020-11-01,165.66666666666666
Plateau,North Central,2020-12-01,167.6
Plateau,North Central,2021-01-01,163.571428571429
Plateau,North Central,2021-02-01,173
Plateau,North Central,2021-03-01,182.5
Plateau,North Central,2021-04-01,178.14285714285714
Plateau,North Central,2021-05-01,176.571428571429
Plateau,North Central,2021-06-01,170.4
Plateau,North Central,2021-07-01,170.4
Plateau,North Central,2021-08-01,165.333333333333
Plateau,North Central,2021-09-01,163.571428571429
Plateau,North Central,2021-10-01,172.42857142857142
Plateau,North Central,2021-11-01,170.666666666667
Plateau,North Central,2021-12-01,164
Plateau,North Central,2022-01-01,165
Plateau,North Central,2022-02-01,173.5
Plateau,North Central,2022-03-01,173.5
Plateau,North Central,2022-04-01,167.41
Plateau,North Central,2022-05-01,167.5
Plateau,North Central,2022-06-01,167
Plateau,North Central,2022-07-01,182.72727272727272
Plateau,North Central,2022-08-01,182.5
Plateau,North Central,2022-09-01,188.4
Plateau,North Central,2022-10-01,196.9
Plateau,North Central,2022-11-01,196.142857142857
Plateau,North Central,2022-12-01,208.4
Plateau,North Central,2023-01-01,192.14285714285714
Plateau,North Central,2023-02-01,198.714285714286
Plateau,North Central,2023-03-01,196.78571428571428
Plateau,North Central,2023-04-01,210
Plateau,North Central,2023-05-01,203.33333333333334
Plateau,North Central,2023-06-01,543
Rivers,South South,2019-01-01,145.352941176471
Rivers,South South,2019-02-01,144.7058823529412
Rivers,South South,2019-03-01,145.3846153846154
Rivers,South South,2019-04-01,145.55555555555554
Rivers,South South,2019-05-01,145.3125
Rivers,South South,2019-06-01,146.230769230769
Rivers,South South,2019-07-01,145
Rivers,South South,2019-08-01,145
Rivers,South South,2019-09-01,145.166666666667
Rivers,South South,2019-10-01,145.26315789473685
Rivers,South South,2019-11-01,145
Rivers,South South,2019-12-01,144.78947368421052
Rivers,South South,2020-01-01,144.78
Rivers,South South,2020-02-01,145
Rivers,South South,2020-03-01,145.117647058824
Rivers,South South,2020-04-01,127.3529411764706
Rivers,South South,2020-05-01,125
Rivers,South South,2020-06-01,125
Rivers,South South,2020-07-01,143.75714285714284
Rivers,South South,2020-08-01,148.58823529411765
Rivers,South South,2020-09-01,160.05555555555554
Rivers,South South,2020-10-01,160.625
Rivers,South South,2020-11-01,168.22222222222223
Rivers,South South,2020-12-01,166.58117647058825
Rivers,South South,2021-01-01,164.83333333333334
Rivers,South South,2021-02-01,166.52631578947367
Rivers,South South,2021-03-01,178.50882352941176
Rivers,South South,2021-04-01,165.9375
Rivers,South South,2021-05-01,176.529411764706
Rivers,South South,2021-06-01,166.11764705882354
Rivers,South South,2021-07-01,166.66666666666666
Rivers,South South,2021-08-01,163.41176470588235
Rivers,South South,2021-09-01,164.766666666667
Rivers,South South,2021-10-01,162.93333333333334
Rivers,South South,2021-11-01,165.95
Rivers,South South,2021-12-01,165.33333333333334
Rivers,South South,2022-01-01,164.2941176470588
Rivers,South South,2022-02-01,166.7058823529412
Rivers,South South,2022-03-01,210.31578947368422
Rivers,South South,2022-04-01,167.35
Rivers,South South,2022-05-01,174.1904761904762
Rivers,South South,2022-06-01,168.61111111111111
Rivers,South South,2022-07-01,186.76470588235293
Rivers,South South,2022-08-01,180
Rivers,South South,2022-09-01,188.31
Rivers,South South,2022-10-01,199.466666666667
Rivers,South South,2022-11-01,200
Rivers,South South,2022-12-01,204.666666666667
Rivers,South South,2023-01-01,327.14285714285717
Rivers,South South,2023-02-01,323.333333333333
Rivers,South South,2023-03-01,290.888888888889
Rivers,South South,2023-04-01,282.222222222222
Rivers,South South,2023-05-01,250.416666666667
Rivers,South South,2023-06-01,537.636363636364
Sokoto,North West,2019-01-01,145.14285714285714
Sokoto,North West,2019-02-01,145.42857142857142
Sokoto,North West,2019-03-01,145.83333333333334
Sokoto,North West,2019-04-01,145.71428571428572
Sokoto,North West,2019-05-01,145.71428571428572
Sokoto,North West,2019-06-01,145.71428571428572
Sokoto,North West,2019-07-01,145.71428571428572
Sokoto,North West,2019-08-01,145.71
Sokoto,North West,2019-09-01,146.25
Sokoto,North West,2019-10-01,145.71428571428572
Sokoto,North West,2019-11-01,145.2
Sokoto,North West,2019-12-01,144.28571428571428
Sokoto,North West,2020-01-01,145
Sokoto,North West,2020-02-01,145.625
Sokoto,North West,2020-03-01,145.857142857143
Sokoto,North West,2020-04-01,138.571428571429
Sokoto,North West,2020-05-01,137.764705882353
Sokoto,North West,2020-06-01,126
Sokoto,North West,2020-07-01,144.15625
Sokoto,North West,2020-08-01,145
Sokoto,North West,2020-09-01,159
Sokoto,North West,2020-10-01,158.571428571429
Sokoto,North West,2020-11-01,165
Sokoto,North West,2020-12-01,165
Sokoto,North West,2021-01-01,165.4
Sokoto,North West,2021-02-01,165
Sokoto,North West,2021-03-01,171.42857142857142
Sokoto,North West,2021-04-01,164.25
Sokoto,North West,2021-05-01,165.71428571428572
Sokoto,North West,2021-06-01,163.125
Sokoto,North West,2021-07-01,165
Sokoto,North West,2021-08-01,165.625
Sokoto,North West,2021-09-01,165.529411764706
Sokoto,North West,2021-10-01,166
Sokoto,North West,2021-11-01,165
Sokoto,North West,2021-12-01,165
Sokoto,North West,2022-01-01,165
Sokoto,North West,2022-02-01,170.45454545454547
Sokoto,North West,2022-03-01,180
Sokoto,North West,2022-04-01,185.68
Sokoto,North West,2022-05-01,168.55
Sokoto,North West,2022-06-01,195.545454545455
Sokoto,North West,2022-07-01,184.1764705882353
Sokoto,North West,2022-08-01,185.71428571428572
Sokoto,North West,2022-09-01,187.67
Sokoto,North West,2022-10-01,185
Sokoto,North West,2022-11-01,192.5
Sokoto,North West,2022-12-01,200.857142857143
Sokoto,North West,2023-01-01,191.42857142857142
Sokoto,North West,2023-02-01,200
Sokoto,North West,2023-03-01,208.57142857142858
Sokoto,North West,2023-04-01,195
Sokoto,North West,2023-05-01,203.666666666667
Sokoto,North West,2023-06-01,540
Taraba,North East,2019-01-01,150
Taraba,North East,2019-02-01,150.55
Taraba,North East,2019-03-01,147
Taraba,North East,2019-04-01,147
Taraba,North East,2019-05-01,145.555555555556
Taraba,North East,2019-06-01,146
Taraba,North East,2019-07-01,145.7
Taraba,North East,2019-08-01,145.18
Taraba,North East,2019-09-01,145.5
Taraba,North East,2019-10-01,145.5
Taraba,North East,2019-11-01,145.85714285714286
Taraba,North East,2019-12-01,143.125
Taraba,North East,2020-01-01,145.06
Taraba,North East,2020-02-01,145
Taraba,North East,2020-03-01,145.666666666667
Taraba,North East,2020-04-01,140.444444444444
Taraba,North East,2020-05-01,138
Taraba,North East,2020-06-01,135.5
Taraba,North East,2020-07-01,143.7
Taraba,North East,2020-08-01,153.66666666666666
Taraba,North East,2020-09-01,166.42857142857142
Taraba,North East,2020-10-01,162.857142857143
Taraba,North East,2020-11-01,166.875
Taraba,North East,2020-12-01,165.25
Taraba,North East,2021-01-01,163.75
Taraba,North East,2021-02-01,163.285714285714
Taraba,North East,2021-03-01,162.66666666666666
Taraba,North East,2021-04-01,164.71428571428572
Taraba,North East,2021-05-01,162.33333333333334
Taraba,North East,2021-06-01,157.33333333333334
Taraba,North East,2021-07-01,162.25
Taraba,North East,2021-08-01,165.5
Taraba,North East,2021-09-01,163.961538461538
Taraba,North East,2021-10-01,165.85
Taraba,North East,2021-11-01,165
Taraba,North East,2021-12-01,166.33333333333334
Taraba,North East,2022-01-01,163.5
Taraba,North East,2022-02-01,175.6
Taraba,North East,2022-03-01,184.55555555555554
Taraba,North East,2022-04-01,171.25
Taraba,North East,2022-05-01,178.36363636363637
Taraba,North East,2022-06-01,169.33333333333334
Taraba,North East,2022-07-01,189.33333333333334
Taraba,North East,2022-08-01,178.5
Taraba,North East,2022-09-01,186.07
Taraba,North East,2022-10-01,185.416666666667
Taraba,North East,2022-11-01,211.5
Taraba,North East,2022-12-01,212
Taraba,North East,2023-01-01,258.8888888888889
Taraba,North East,2023-02-01,258.8888888888889
Taraba,North East,2023-03-01,330
Taraba,North East,2023-04-01,320
Taraba,North East,2023-05-01,295
Taraba,North East,2023-06-01,562.857142857143
Yobe,North East,2019-01-01,145.72727272727272
Yobe,North East,2019-02-01,145.07692307692307
Yobe,North East,2019-03-01,147.545454545455
Yobe,North East,2019-04-01,147.818181818182
Yobe,North East,2019-05-01,145.636363636364
Yobe,North East,2019-06-01,146
Yobe,North East,2019-07-01,144.363636363636
Yobe,North East,2019-08-01,145
Yobe,North East,2019-09-01,146
Yobe,North East,2019-10-01,146.2
Yobe,North East,2019-11-01,145.25
Yobe,North East,2019-12-01,145.857142857143
Yobe,North East,2020-01-01,145.43
Yobe,North East,2020-02-01,145.20833333333334
Yobe,North East,2020-03-01,145.75
Yobe,North East,2020-04-01,137.5
Yobe,North East,2020-05-01,134
Yobe,North East,2020-06-01,135
Yobe,North East,2020-07-01,143.08888888888887
Yobe,North East,2020-08-01,148.63636363636363
Yobe,North East,2020-09-01,168.83333333333334
Yobe,North East,2020-10-01,163.583333333333
Yobe,North East,2020-11-01,166.222222222222
Yobe,North East,2020-12-01,165.75
Yobe,North East,2021-01-01,163.142857142857
Yobe,North East,2021-02-01,164.272727272727
Yobe,North East,2021-03-01,169.5
Yobe,North East,2021-04-01,157.33333333333334
Yobe,North East,2021-05-01,163.5
Yobe,North East,2021-06-01,161.25
Yobe,North East,2021-07-01,163.857142857143
Yobe,North East,2021-08-01,165.83333333333
Yobe,North East,2021-09-01,163.823529411765
Yobe,North East,2021-10-01,159.85714285714286
Yobe,North East,2021-11-01,166
Yobe,North East,2021-12-01,164.75
Yobe,North East,2022-01-01,165.83333333333334
Yobe,North East,2022-02-01,174.333333333333
Yobe,North East,2022-03-01,184.66666666666666
Yobe,North East,2022-04-01,165.29
Yobe,North East,2022-05-01,165.35714285714286
Yobe,North East,2022-06-01,180.333333333333
Yobe,North East,2022-07-01,183.2
Yobe,North East,2022-08-01,179.28571428571428
Yobe,North East,2022-09-01,184.65
Yobe,North East,2022-10-01,187.75
Yobe,North East,2022-11-01,206.25
Yobe,North East,2022-12-01,210
Yobe,North East,2023-01-01,215.28571428571428
Yobe,North East,2023-02-01,250
Yobe,North East,2023-03-01,202.5
Yobe,North East,2023-04-01,210
Yobe,North East,2023-05-01,216.36363636363637
Yobe,North East,2023-06-01,562.307692307692
Zamfara,North West,2019-01-01,144.5625
Zamfara,North West,2019-02-01,145.5
Zamfara,North West,2019-03-01,144.3913043478261
Zamfara,North West,2019-04-01,144.42857142857142
Zamfara,North West,2019-05-01,144.42857142857142
Zamfara,North West,2019-06-01,144.42857142857142
Zamfara,North West,2019-07-01,144.42857142857142
Zamfara,North West,2019-08-01,144.33
Zamfara,North West,2019-09-01,144.94117647059
Zamfara,North West,2019-10-01,144.33333333333334
Zamfara,North West,2019-11-01,145.722222222222
Zamfara,North West,2019-12-01,144.5625
Zamfara,North West,2020-01-01,144.85
Zamfara,North West,2020-02-01,145.47619047619
Zamfara,North West,2020-03-01,145.352941176471
Zamfara,North West,2020-04-01,134.882352941176
Zamfara,North West,2020-05-01,130.642857142857
Zamfara,North West,2020-06-01,131.03333333333333
Zamfara,North West,2020-07-01,143.46153846153845
Zamfara,North West,2020-08-01,147.9
Zamfara,North West,2020-09-01,157.9
Zamfara,North West,2020-10-01,159.545454545455
Zamfara,North West,2020-11-01,161.73333333333332
Zamfara,North West,2020-12-01,162.61111111111111
Zamfara,North West,2021-01-01,165
Zamfara,North West,2021-02-01,165
Zamfara,North West,2021-03-01,164.76923076923077
Zamfara,North West,2021-04-01,162.30769230769232
Zamfara,North West,2021-05-01,162.30769230769232
Zamfara,North West,2021-06-01,162.72222222222223
Zamfara,North West,2021-07-01,165.88888888888889
Zamfara,North West,2021-08-01,165
Zamfara,North West,2021-09-01,164.461538461538
Zamfara,North West,2021-10-01,164.33333333333334
Zamfara,North West,2021-11-01,165.5
Zamfara,North West,2021-12-01,162.5
Zamfara,North West,2022-01-01,164.41176470588235
Zamfara,North West,2022-02-01,165.53333333333333
Zamfara,North West,2022-03-01,167.69230769230768
Zamfara,North West,2022-04-01,165.36
Zamfara,North West,2022-05-01,167
Zamfara,North West,2022-06-01,180.72727272727272
Zamfara,North West,2022-07-01,180.72727272727272
Zamfara,North West,2022-08-01,195
Zamfara,North West,2022-09-01,187.07
Zamfara,North West,2022-10-01,191.307692307692
Zamfara,North West,2022-11-01,194.363636363636
Zamfara,North West,2022-12-01,202.357142857143
Zamfara,North West,2023-01-01,235.42857142857142
Zamfara,North West,2023-02-01,252.083333333333
Zamfara,North West,2023-03-01,303.181818181818
Zamfara,North West,2023-04-01,267.727272727273
Zamfara,North West,2023-05-01,243.272727272727
Zamfara,North West,2023-06-01,549.090909090909
